{
  "0": {
    "precision": 0.5666666666666667,
    "recall": 0.4594594594594595,
    "f1-score": 0.5074626865671642,
    "support": 37.0
  },
  "1": {
    "precision": 0.8540145985401459,
    "recall": 0.9,
    "f1-score": 0.8764044943820225,
    "support": 130.0
  },
  "accuracy": 0.8023952095808383,
  "macro avg": {
    "precision": 0.7103406326034063,
    "recall": 0.6797297297297298,
    "f1-score": 0.6919335904745934,
    "support": 167.0
  },
  "weighted avg": {
    "precision": 0.7903506854903332,
    "recall": 0.8023952095808383,
    "f1-score": 0.7946628962434011,
    "support": 167.0
  }
}