{
  "0": {
    "precision": 0.6666666666666666,
    "recall": 0.10810810810810811,
    "f1-score": 0.18604651162790697,
    "support": 37.0
  },
  "1": {
    "precision": 0.7950310559006211,
    "recall": 0.9846153846153847,
    "f1-score": 0.8797250859106529,
    "support": 130.0
  },
  "accuracy": 0.7904191616766467,
  "macro avg": {
    "precision": 0.7308488612836439,
    "recall": 0.5463617463617464,
    "f1-score": 0.5328857987692799,
    "support": 167.0
  },
  "weighted avg": {
    "precision": 0.7665910415194455,
    "recall": 0.7904191616766467,
    "f1-score": 0.7260358209498049,
    "support": 167.0
  }
}