{
  "0": {
    "precision": 0.6111111111111112,
    "recall": 0.2972972972972973,
    "f1-score": 0.4,
    "support": 37.0
  },
  "1": {
    "precision": 0.825503355704698,
    "recall": 0.9461538461538461,
    "f1-score": 0.8817204301075269,
    "support": 130.0
  },
  "accuracy": 0.8023952095808383,
  "macro avg": {
    "precision": 0.7183072334079046,
    "recall": 0.6217255717255717,
    "f1-score": 0.6408602150537634,
    "support": 167.0
  },
  "weighted avg": {
    "precision": 0.7780032775612087,
    "recall": 0.8023952095808383,
    "f1-score": 0.7749919515807097,
    "support": 167.0
  }
}