{
  "0": {
    "precision": 0.5405405405405406,
    "recall": 0.5405405405405406,
    "f1-score": 0.5405405405405406,
    "support": 37.0
  },
  "1": {
    "precision": 0.8692307692307693,
    "recall": 0.8692307692307693,
    "f1-score": 0.8692307692307693,
    "support": 130.0
  },
  "accuracy": 0.7964071856287425,
  "macro avg": {
    "precision": 0.7048856548856549,
    "recall": 0.7048856548856549,
    "f1-score": 0.7048856548856549,
    "support": 167.0
  },
  "weighted avg": {
    "precision": 0.7964071856287425,
    "recall": 0.7964071856287425,
    "f1-score": 0.7964071856287425,
    "support": 167.0
  }
}