{
  "0": {
    "precision": 0.75,
    "recall": 0.16216216216216217,
    "f1-score": 0.26666666666666666,
    "support": 37.0
  },
  "1": {
    "precision": 0.8050314465408805,
    "recall": 0.9846153846153847,
    "f1-score": 0.8858131487889274,
    "support": 130.0
  },
  "accuracy": 0.8023952095808383,
  "macro avg": {
    "precision": 0.7775157232704403,
    "recall": 0.5733887733887735,
    "f1-score": 0.576239907727797,
    "support": 167.0
  },
  "weighted avg": {
    "precision": 0.7928388506006855,
    "recall": 0.8023952095808383,
    "f1-score": 0.748636982091181,
    "support": 167.0
  }
}