{
  "0": {
    "precision": 0.6666666666666666,
    "recall": 0.21621621621621623,
    "f1-score": 0.32653061224489793,
    "support": 37.0
  },
  "1": {
    "precision": 0.8129032258064516,
    "recall": 0.9692307692307692,
    "f1-score": 0.8842105263157894,
    "support": 130.0
  },
  "accuracy": 0.8023952095808383,
  "macro avg": {
    "precision": 0.7397849462365591,
    "recall": 0.5927234927234928,
    "f1-score": 0.6053705692803437,
    "support": 167.0
  },
  "weighted avg": {
    "precision": 0.7805035091108107,
    "recall": 0.8023952095808383,
    "f1-score": 0.7606527010425979,
    "support": 167.0
  }
}