{
  "0": {
    "precision": 0.48,
    "recall": 0.6486486486486487,
    "f1-score": 0.5517241379310345,
    "support": 37.0
  },
  "1": {
    "precision": 0.8888888888888888,
    "recall": 0.8,
    "f1-score": 0.8421052631578947,
    "support": 130.0
  },
  "accuracy": 0.7664670658682635,
  "macro avg": {
    "precision": 0.6844444444444444,
    "recall": 0.7243243243243244,
    "f1-score": 0.6969147005444646,
    "support": 167.0
  },
  "weighted avg": {
    "precision": 0.7982967398536259,
    "recall": 0.7664670658682635,
    "f1-score": 0.7777693252333807,
    "support": 167.0
  }
}