{
  "0": {
    "precision": 0.5625,
    "recall": 0.4864864864864865,
    "f1-score": 0.5217391304347826,
    "support": 37.0
  },
  "1": {
    "precision": 0.8592592592592593,
    "recall": 0.8923076923076924,
    "f1-score": 0.8754716981132076,
    "support": 130.0
  },
  "accuracy": 0.8023952095808383,
  "macro avg": {
    "precision": 0.7108796296296296,
    "recall": 0.6893970893970894,
    "f1-score": 0.698605414273995,
    "support": 167.0
  },
  "weighted avg": {
    "precision": 0.793510201818585,
    "recall": 0.8023952095808383,
    "f1-score": 0.7970998118611015,
    "support": 167.0
  }
}