{
  "0": {
    "precision": 0.625,
    "recall": 0.40540540540540543,
    "f1-score": 0.4918032786885246,
    "support": 37.0
  },
  "1": {
    "precision": 0.8461538461538461,
    "recall": 0.9307692307692308,
    "f1-score": 0.8864468864468864,
    "support": 130.0
  },
  "accuracy": 0.8143712574850299,
  "macro avg": {
    "precision": 0.7355769230769231,
    "recall": 0.6680873180873181,
    "f1-score": 0.6891250825677055,
    "support": 167.0
  },
  "weighted avg": {
    "precision": 0.7971556886227545,
    "recall": 0.8143712574850299,
    "f1-score": 0.7990108775423391,
    "support": 167.0
  }
}