{
  "0": {
    "precision": 0.5172413793103449,
    "recall": 0.40540540540540543,
    "f1-score": 0.45454545454545453,
    "support": 37.0
  },
  "1": {
    "precision": 0.8405797101449275,
    "recall": 0.8923076923076924,
    "f1-score": 0.8656716417910447,
    "support": 130.0
  },
  "accuracy": 0.7844311377245509,
  "macro avg": {
    "precision": 0.6789105447276362,
    "recall": 0.6488565488565489,
    "f1-score": 0.6601085481682496,
    "support": 167.0
  },
  "weighted avg": {
    "precision": 0.7689418763672057,
    "recall": 0.7844311377245509,
    "f1-score": 0.7745838038983092,
    "support": 167.0
  }
}