{
  "0": {
    "precision": 0.6666666666666666,
    "recall": 0.2702702702702703,
    "f1-score": 0.38461538461538464,
    "support": 37.0
  },
  "1": {
    "precision": 0.8223684210526315,
    "recall": 0.9615384615384616,
    "f1-score": 0.8865248226950354,
    "support": 130.0
  },
  "accuracy": 0.8083832335329342,
  "macro avg": {
    "precision": 0.7445175438596491,
    "recall": 0.6159043659043659,
    "f1-score": 0.63557010365521,
    "support": 167.0
  },
  "weighted avg": {
    "precision": 0.7878716251707112,
    "recall": 0.8083832335329342,
    "f1-score": 0.7753233304258913,
    "support": 167.0
  }
}