{
  "0": {
    "precision": 0.5555555555555556,
    "recall": 0.2702702702702703,
    "f1-score": 0.36363636363636365,
    "support": 37.0
  },
  "1": {
    "precision": 0.8187919463087249,
    "recall": 0.9384615384615385,
    "f1-score": 0.8745519713261649,
    "support": 130.0
  },
  "accuracy": 0.7904191616766467,
  "macro avg": {
    "precision": 0.6871737509321403,
    "recall": 0.6043659043659044,
    "f1-score": 0.6190941674812642,
    "support": 167.0
  },
  "weighted avg": {
    "precision": 0.7604701112316754,
    "recall": 0.7904191616766467,
    "f1-score": 0.7613551001613587,
    "support": 167.0
  }
}