{
  "0": {
    "precision": 0.6666666666666666,
    "recall": 0.5405405405405406,
    "f1-score": 0.5970149253731343,
    "support": 37.0
  },
  "1": {
    "precision": 0.8759124087591241,
    "recall": 0.9230769230769231,
    "f1-score": 0.898876404494382,
    "support": 130.0
  },
  "accuracy": 0.8383233532934131,
  "macro avg": {
    "precision": 0.7712895377128954,
    "recall": 0.7318087318087318,
    "f1-score": 0.7479456649337581,
    "support": 167.0
  },
  "weighted avg": {
    "precision": 0.8295525736847474,
    "recall": 0.8383233532934131,
    "f1-score": 0.8319969151082374,
    "support": 167.0
  }
}