{
  "0": {
    "precision": 0.5454545454545454,
    "recall": 0.4864864864864865,
    "f1-score": 0.5142857142857142,
    "support": 37.0
  },
  "1": {
    "precision": 0.8582089552238806,
    "recall": 0.8846153846153846,
    "f1-score": 0.8712121212121212,
    "support": 130.0
  },
  "accuracy": 0.7964071856287425,
  "macro avg": {
    "precision": 0.7018317503392131,
    "recall": 0.6855509355509355,
    "f1-score": 0.6927489177489177,
    "support": 167.0
  },
  "weighted avg": {
    "precision": 0.7889160620414531,
    "recall": 0.7964071856287425,
    "f1-score": 0.7921326178811209,
    "support": 167.0
  }
}