{
  "0": {
    "precision": 0.7307692307692307,
    "recall": 0.5135135135135135,
    "f1-score": 0.6031746031746031,
    "support": 37.0
  },
  "1": {
    "precision": 0.8723404255319149,
    "recall": 0.9461538461538461,
    "f1-score": 0.9077490774907749,
    "support": 130.0
  },
  "accuracy": 0.8502994011976048,
  "macro avg": {
    "precision": 0.8015548281505729,
    "recall": 0.7298336798336797,
    "f1-score": 0.755461840332689,
    "support": 167.0
  },
  "weighted avg": {
    "precision": 0.8409743524407813,
    "recall": 0.8502994011976048,
    "f1-score": 0.8402685053368926,
    "support": 167.0
  }
}