{
  "0": {
    "precision": 0.6923076923076923,
    "recall": 0.24324324324324326,
    "f1-score": 0.36,
    "support": 37.0
  },
  "1": {
    "precision": 0.8181818181818182,
    "recall": 0.9692307692307692,
    "f1-score": 0.8873239436619719,
    "support": 130.0
  },
  "accuracy": 0.8083832335329342,
  "macro avg": {
    "precision": 0.7552447552447552,
    "recall": 0.6062370062370063,
    "f1-score": 0.6236619718309859,
    "support": 167.0
  },
  "weighted avg": {
    "precision": 0.7902935387965329,
    "recall": 0.8083832335329342,
    "f1-score": 0.770491692670996,
    "support": 167.0
  }
}