{
  "0": {
    "precision": 0.5714285714285714,
    "recall": 0.43243243243243246,
    "f1-score": 0.49230769230769234,
    "support": 37.0
  },
  "1": {
    "precision": 0.8489208633093526,
    "recall": 0.9076923076923077,
    "f1-score": 0.8773234200743495,
    "support": 130.0
  },
  "accuracy": 0.8023952095808383,
  "macro avg": {
    "precision": 0.710174717368962,
    "recall": 0.67006237006237,
    "f1-score": 0.684815556191021,
    "support": 167.0
  },
  "weighted avg": {
    "precision": 0.7874405351681018,
    "recall": 0.8023952095808383,
    "f1-score": 0.7920205342817368,
    "support": 167.0
  }
}