{
  "0": {
    "precision": 0.40540540540540543,
    "recall": 0.40540540540540543,
    "f1-score": 0.40540540540540543,
    "support": 37.0
  },
  "1": {
    "precision": 0.8307692307692308,
    "recall": 0.8307692307692308,
    "f1-score": 0.8307692307692308,
    "support": 130.0
  },
  "accuracy": 0.7365269461077845,
  "macro avg": {
    "precision": 0.6180873180873181,
    "recall": 0.6180873180873181,
    "f1-score": 0.6180873180873181,
    "support": 167.0
  },
  "weighted avg": {
    "precision": 0.7365269461077845,
    "recall": 0.7365269461077845,
    "f1-score": 0.7365269461077845,
    "support": 167.0
  }
}