{
  "0": {
    "precision": 0.4716981132075472,
    "recall": 0.6756756756756757,
    "f1-score": 0.5555555555555556,
    "support": 37.0
  },
  "1": {
    "precision": 0.8947368421052632,
    "recall": 0.7846153846153846,
    "f1-score": 0.8360655737704918,
    "support": 130.0
  },
  "accuracy": 0.7604790419161677,
  "macro avg": {
    "precision": 0.6832174776564052,
    "recall": 0.7301455301455302,
    "f1-score": 0.6958105646630237,
    "support": 167.0
  },
  "weighted avg": {
    "precision": 0.8010096985770266,
    "recall": 0.7604790419161677,
    "f1-score": 0.7739166475791587,
    "support": 167.0
  }
}