{
  "0": {
    "precision": 0.5217391304347826,
    "recall": 0.6486486486486487,
    "f1-score": 0.5783132530120482,
    "support": 37.0
  },
  "1": {
    "precision": 0.8925619834710744,
    "recall": 0.8307692307692308,
    "f1-score": 0.8605577689243028,
    "support": 130.0
  },
  "accuracy": 0.7904191616766467,
  "macro avg": {
    "precision": 0.7071505569529285,
    "recall": 0.7397089397089398,
    "f1-score": 0.7194355109681755,
    "support": 167.0
  },
  "weighted avg": {
    "precision": 0.8104036268103392,
    "recall": 0.7904191616766467,
    "f1-score": 0.798024552823983,
    "support": 167.0
  }
}