{
  "0": {
    "precision": 0.6666666666666666,
    "recall": 0.32432432432432434,
    "f1-score": 0.43636363636363634,
    "support": 37.0
  },
  "1": {
    "precision": 0.8322147651006712,
    "recall": 0.9538461538461539,
    "f1-score": 0.8888888888888888,
    "support": 130.0
  },
  "accuracy": 0.8143712574850299,
  "macro avg": {
    "precision": 0.7494407158836689,
    "recall": 0.6390852390852391,
    "f1-score": 0.6626262626262626,
    "support": 167.0
  },
  "weighted avg": {
    "precision": 0.7955364438907421,
    "recall": 0.8143712574850299,
    "f1-score": 0.7886288030000604,
    "support": 167.0
  }
}