{
  "0": {
    "precision": 0.5925925925925926,
    "recall": 0.43243243243243246,
    "f1-score": 0.5,
    "support": 37.0
  },
  "1": {
    "precision": 0.85,
    "recall": 0.9153846153846154,
    "f1-score": 0.8814814814814815,
    "support": 130.0
  },
  "accuracy": 0.8083832335329342,
  "macro avg": {
    "precision": 0.7212962962962963,
    "recall": 0.6739085239085238,
    "f1-score": 0.6907407407407408,
    "support": 167.0
  },
  "weighted avg": {
    "precision": 0.7929696163229097,
    "recall": 0.8083832335329342,
    "f1-score": 0.7969616322909737,
    "support": 167.0
  }
}