{
  "0": {
    "precision": 0.7222222222222222,
    "recall": 0.35135135135135137,
    "f1-score": 0.4727272727272727,
    "support": 37.0
  },
  "1": {
    "precision": 0.8389261744966443,
    "recall": 0.9615384615384616,
    "f1-score": 0.8960573476702509,
    "support": 130.0
  },
  "accuracy": 0.8263473053892215,
  "macro avg": {
    "precision": 0.7805741983594332,
    "recall": 0.6564449064449065,
    "f1-score": 0.6843923101987618,
    "support": 167.0
  },
  "weighted avg": {
    "precision": 0.8130696102202752,
    "recall": 0.8263473053892215,
    "f1-score": 0.8022656544194114,
    "support": 167.0
  }
}