{
  "0": {
    "precision": 0.625,
    "recall": 0.13513513513513514,
    "f1-score": 0.2222222222222222,
    "support": 37.0
  },
  "1": {
    "precision": 0.7987421383647799,
    "recall": 0.9769230769230769,
    "f1-score": 0.8788927335640139,
    "support": 130.0
  },
  "accuracy": 0.7904191616766467,
  "macro avg": {
    "precision": 0.71187106918239,
    "recall": 0.556029106029106,
    "f1-score": 0.550557477893118,
    "support": 167.0
  },
  "weighted avg": {
    "precision": 0.760248371182164,
    "recall": 0.7904191616766467,
    "f1-score": 0.7334028597936768,
    "support": 167.0
  }
}