{
  "0": {
    "precision": 1.0,
    "recall": 0.08108108108108109,
    "f1-score": 0.15,
    "support": 37.0
  },
  "1": {
    "precision": 0.7926829268292683,
    "recall": 1.0,
    "f1-score": 0.8843537414965986,
    "support": 130.0
  },
  "accuracy": 0.7964071856287425,
  "macro avg": {
    "precision": 0.8963414634146342,
    "recall": 0.5405405405405406,
    "f1-score": 0.5171768707482993,
    "support": 167.0
  },
  "weighted avg": {
    "precision": 0.8386154520227838,
    "recall": 0.7964071856287425,
    "f1-score": 0.7216526131410648,
    "support": 167.0
  }
}