{
  "0": {
    "precision": 0.7692307692307693,
    "recall": 0.2702702702702703,
    "f1-score": 0.4,
    "support": 37.0
  },
  "1": {
    "precision": 0.8246753246753247,
    "recall": 0.9769230769230769,
    "f1-score": 0.8943661971830986,
    "support": 130.0
  },
  "accuracy": 0.8203592814371258,
  "macro avg": {
    "precision": 0.796953046953047,
    "recall": 0.6235966735966736,
    "f1-score": 0.6471830985915493,
    "support": 167.0
  },
  "weighted avg": {
    "precision": 0.8123912016127585,
    "recall": 0.8203592814371258,
    "f1-score": 0.7848359618790588,
    "support": 167.0
  }
}