{
  "0": {
    "precision": 0.7037037037037037,
    "recall": 0.5135135135135135,
    "f1-score": 0.59375,
    "support": 37.0
  },
  "1": {
    "precision": 0.8714285714285714,
    "recall": 0.9384615384615385,
    "f1-score": 0.9037037037037037,
    "support": 130.0
  },
  "accuracy": 0.844311377245509,
  "macro avg": {
    "precision": 0.7875661375661376,
    "recall": 0.7259875259875259,
    "f1-score": 0.7487268518518518,
    "support": 167.0
  },
  "weighted avg": {
    "precision": 0.834267971992523,
    "recall": 0.844311377245509,
    "f1-score": 0.835031326236416,
    "support": 167.0
  }
}