{
  "0": {
    "precision": 0.5,
    "recall": 0.6486486486486487,
    "f1-score": 0.5647058823529412,
    "support": 37.0
  },
  "1": {
    "precision": 0.8907563025210085,
    "recall": 0.8153846153846154,
    "f1-score": 0.8514056224899599,
    "support": 130.0
  },
  "accuracy": 0.7784431137724551,
  "macro avg": {
    "precision": 0.6953781512605042,
    "recall": 0.732016632016632,
    "f1-score": 0.7080557524214506,
    "support": 167.0
  },
  "weighted avg": {
    "precision": 0.8041815528606653,
    "recall": 0.7784431137724551,
    "f1-score": 0.7878853207829558,
    "support": 167.0
  }
}