{
  "0": {
    "precision": 0.7142857142857143,
    "recall": 0.13513513513513514,
    "f1-score": 0.22727272727272727,
    "support": 37.0
  },
  "1": {
    "precision": 0.8,
    "recall": 0.9846153846153847,
    "f1-score": 0.8827586206896552,
    "support": 130.0
  },
  "accuracy": 0.7964071856287425,
  "macro avg": {
    "precision": 0.7571428571428571,
    "recall": 0.5598752598752599,
    "f1-score": 0.5550156739811912,
    "support": 167.0
  },
  "weighted avg": {
    "precision": 0.7810094097519248,
    "recall": 0.7964071856287425,
    "f1-score": 0.7375312071781203,
    "support": 167.0
  }
}