{
  "0": {
    "precision": 0.4897959183673469,
    "recall": 0.6486486486486487,
    "f1-score": 0.5581395348837209,
    "support": 37.0
  },
  "1": {
    "precision": 0.8898305084745762,
    "recall": 0.8076923076923077,
    "f1-score": 0.8467741935483871,
    "support": 130.0
  },
  "accuracy": 0.7724550898203593,
  "macro avg": {
    "precision": 0.6898132134209616,
    "recall": 0.7281704781704782,
    "f1-score": 0.702456864216054,
    "support": 167.0
  },
  "weighted avg": {
    "precision": 0.8012000903071064,
    "recall": 0.7724550898203593,
    "f1-score": 0.7828251973172934,
    "support": 167.0
  }
}