{
  "0": {
    "precision": 0.46296296296296297,
    "recall": 0.6756756756756757,
    "f1-score": 0.5494505494505495,
    "support": 37.0
  },
  "1": {
    "precision": 0.8938053097345132,
    "recall": 0.7769230769230769,
    "f1-score": 0.831275720164609,
    "support": 130.0
  },
  "accuracy": 0.7544910179640718,
  "macro avg": {
    "precision": 0.6783841363487381,
    "recall": 0.7262993762993764,
    "f1-score": 0.6903631348075793,
    "support": 167.0
  },
  "weighted avg": {
    "precision": 0.7983492209288403,
    "recall": 0.7544910179640718,
    "f1-score": 0.7688354128806558,
    "support": 167.0
  }
}