{
  "0": {
    "precision": 0.5,
    "recall": 0.7297297297297297,
    "f1-score": 0.5934065934065934,
    "support": 37.0
  },
  "1": {
    "precision": 0.911504424778761,
    "recall": 0.7923076923076923,
    "f1-score": 0.8477366255144033,
    "support": 130.0
  },
  "accuracy": 0.7784431137724551,
  "macro avg": {
    "precision": 0.7057522123893805,
    "recall": 0.761018711018711,
    "f1-score": 0.7205716094604984,
    "support": 167.0
  },
  "weighted avg": {
    "precision": 0.8203327857559218,
    "recall": 0.7784431137724551,
    "f1-score": 0.7913880555264454,
    "support": 167.0
  }
}