{
  "0": {
    "precision": 1.0,
    "recall": 0.02702702702702703,
    "f1-score": 0.05263157894736842,
    "support": 37.0
  },
  "1": {
    "precision": 0.7831325301204819,
    "recall": 1.0,
    "f1-score": 0.8783783783783784,
    "support": 130.0
  },
  "accuracy": 0.7844311377245509,
  "macro avg": {
    "precision": 0.891566265060241,
    "recall": 0.5135135135135135,
    "f1-score": 0.46550497866287344,
    "support": 167.0
  },
  "weighted avg": {
    "precision": 0.8311810114710338,
    "recall": 0.7844311377245509,
    "f1-score": 0.6954284886840828,
    "support": 167.0
  }
}