{
  "0": {
    "precision": 0.5454545454545454,
    "recall": 0.32432432432432434,
    "f1-score": 0.4067796610169492,
    "support": 37.0
  },
  "1": {
    "precision": 0.8275862068965517,
    "recall": 0.9230769230769231,
    "f1-score": 0.8727272727272727,
    "support": 130.0
  },
  "accuracy": 0.7904191616766467,
  "macro avg": {
    "precision": 0.6865203761755485,
    "recall": 0.6237006237006237,
    "f1-score": 0.639753466872111,
    "support": 167.0
  },
  "weighted avg": {
    "precision": 0.7650779944812569,
    "recall": 0.7904191616766467,
    "f1-score": 0.7694933707315723,
    "support": 167.0
  }
}