{
  "0": {
    "precision": 0.5789473684210527,
    "recall": 0.2972972972972973,
    "f1-score": 0.39285714285714285,
    "support": 37.0
  },
  "1": {
    "precision": 0.8243243243243243,
    "recall": 0.9384615384615385,
    "f1-score": 0.8776978417266187,
    "support": 130.0
  },
  "accuracy": 0.7964071856287425,
  "macro avg": {
    "precision": 0.7016358463726885,
    "recall": 0.6178794178794179,
    "f1-score": 0.6352774922918808,
    "support": 167.0
  },
  "weighted avg": {
    "precision": 0.7699593700224019,
    "recall": 0.7964071856287425,
    "f1-score": 0.7702780461687109,
    "support": 167.0
  }
}