{
  "0": {
    "precision": 0.47058823529411764,
    "recall": 0.6486486486486487,
    "f1-score": 0.5454545454545454,
    "support": 37.0
  },
  "1": {
    "precision": 0.8879310344827587,
    "recall": 0.7923076923076923,
    "f1-score": 0.8373983739837398,
    "support": 130.0
  },
  "accuracy": 0.7604790419161677,
  "macro avg": {
    "precision": 0.6792596348884381,
    "recall": 0.7204781704781704,
    "f1-score": 0.6914264597191426,
    "support": 167.0
  },
  "weighted avg": {
    "precision": 0.7954658634050358,
    "recall": 0.7604790419161677,
    "f1-score": 0.7727162083814632,
    "support": 167.0
  }
}