{
  "0": {
    "precision": 0.4473684210526316,
    "recall": 0.4594594594594595,
    "f1-score": 0.4533333333333333,
    "support": 37.0
  },
  "1": {
    "precision": 0.8449612403100775,
    "recall": 0.8384615384615385,
    "f1-score": 0.8416988416988417,
    "support": 130.0
  },
  "accuracy": 0.7544910179640718,
  "macro avg": {
    "precision": 0.6461648306813546,
    "recall": 0.648960498960499,
    "f1-score": 0.6475160875160875,
    "support": 167.0
  },
  "weighted avg": {
    "precision": 0.7568718132889667,
    "recall": 0.7544910179640718,
    "f1-score": 0.755653788947202,
    "support": 167.0
  }
}