{
  "0": {
    "precision": 0.4482758620689655,
    "recall": 0.35135135135135137,
    "f1-score": 0.3939393939393939,
    "support": 37.0
  },
  "1": {
    "precision": 0.8260869565217391,
    "recall": 0.8769230769230769,
    "f1-score": 0.8507462686567164,
    "support": 130.0
  },
  "accuracy": 0.7604790419161677,
  "macro avg": {
    "precision": 0.6371814092953523,
    "recall": 0.6141372141372141,
    "f1-score": 0.6223428312980552,
    "support": 167.0
  },
  "weighted avg": {
    "precision": 0.7423803068525618,
    "recall": 0.7604790419161677,
    "f1-score": 0.7495375598870102,
    "support": 167.0
  }
}