{
  "0": {
    "precision": 0.6,
    "recall": 0.40540540540540543,
    "f1-score": 0.4838709677419355,
    "support": 37.0
  },
  "1": {
    "precision": 0.8450704225352113,
    "recall": 0.9230769230769231,
    "f1-score": 0.8823529411764706,
    "support": 130.0
  },
  "accuracy": 0.8083832335329342,
  "macro avg": {
    "precision": 0.7225352112676056,
    "recall": 0.6642411642411643,
    "f1-score": 0.683111954459203,
    "support": 167.0
  },
  "weighted avg": {
    "precision": 0.7907733828118411,
    "recall": 0.8083832335329342,
    "f1-score": 0.7940665159245076,
    "support": 167.0
  }
}