{
  "0": {
    "precision": 0.5319148936170213,
    "recall": 0.6756756756756757,
    "f1-score": 0.5952380952380952,
    "support": 37.0
  },
  "1": {
    "precision": 0.9,
    "recall": 0.8307692307692308,
    "f1-score": 0.864,
    "support": 130.0
  },
  "accuracy": 0.7964071856287425,
  "macro avg": {
    "precision": 0.7159574468085106,
    "recall": 0.7532224532224532,
    "f1-score": 0.7296190476190476,
    "support": 167.0
  },
  "weighted avg": {
    "precision": 0.8184482099630526,
    "recall": 0.7964071856287425,
    "f1-score": 0.8044539492443683,
    "support": 167.0
  }
}