{
  "0": {
    "precision": 0.5769230769230769,
    "recall": 0.40540540540540543,
    "f1-score": 0.47619047619047616,
    "support": 37.0
  },
  "1": {
    "precision": 0.8439716312056738,
    "recall": 0.9153846153846154,
    "f1-score": 0.8782287822878229,
    "support": 130.0
  },
  "accuracy": 0.8023952095808383,
  "macro avg": {
    "precision": 0.7104473540643753,
    "recall": 0.6603950103950104,
    "f1-score": 0.6772096292391495,
    "support": 167.0
  },
  "weighted avg": {
    "precision": 0.784805185047254,
    "recall": 0.8023952095808383,
    "f1-score": 0.7891544270446981,
    "support": 167.0
  }
}