{
  "0": {
    "precision": 0.5111111111111111,
    "recall": 0.6216216216216216,
    "f1-score": 0.5609756097560976,
    "support": 37.0
  },
  "1": {
    "precision": 0.8852459016393442,
    "recall": 0.8307692307692308,
    "f1-score": 0.8571428571428571,
    "support": 130.0
  },
  "accuracy": 0.7844311377245509,
  "macro avg": {
    "precision": 0.6981785063752277,
    "recall": 0.7261954261954262,
    "f1-score": 0.7090592334494774,
    "support": 167.0
  },
  "weighted avg": {
    "precision": 0.802353762420514,
    "recall": 0.7844311377245509,
    "f1-score": 0.7915249640092636,
    "support": 167.0
  }
}