{
  "0": {
    "precision": 0.6296296296296297,
    "recall": 0.4594594594594595,
    "f1-score": 0.53125,
    "support": 37.0
  },
  "1": {
    "precision": 0.8571428571428571,
    "recall": 0.9230769230769231,
    "f1-score": 0.8888888888888888,
    "support": 130.0
  },
  "accuracy": 0.8203592814371258,
  "macro avg": {
    "precision": 0.7433862433862434,
    "recall": 0.6912681912681913,
    "f1-score": 0.7100694444444444,
    "support": 167.0
  },
  "weighted avg": {
    "precision": 0.8067357348794474,
    "recall": 0.8203592814371258,
    "f1-score": 0.8096515302727877,
    "support": 167.0
  }
}