{
  "0": {
    "precision": 0.6363636363636364,
    "recall": 0.3783783783783784,
    "f1-score": 0.4745762711864407,
    "support": 37.0
  },
  "1": {
    "precision": 0.8413793103448276,
    "recall": 0.9384615384615385,
    "f1-score": 0.8872727272727273,
    "support": 130.0
  },
  "accuracy": 0.8143712574850299,
  "macro avg": {
    "precision": 0.738871473354232,
    "recall": 0.6584199584199584,
    "f1-score": 0.680924499229584,
    "support": 167.0
  },
  "weighted avg": {
    "precision": 0.7959566759897133,
    "recall": 0.8143712574850299,
    "f1-score": 0.795836985505107,
    "support": 167.0
  }
}