{
  "0": {
    "precision": 0.6470588235294118,
    "recall": 0.2972972972972973,
    "f1-score": 0.4074074074074074,
    "support": 37.0
  },
  "1": {
    "precision": 0.8266666666666667,
    "recall": 0.9538461538461539,
    "f1-score": 0.8857142857142857,
    "support": 130.0
  },
  "accuracy": 0.8083832335329342,
  "macro avg": {
    "precision": 0.7368627450980392,
    "recall": 0.6255717255717256,
    "f1-score": 0.6465608465608466,
    "support": 167.0
  },
  "weighted avg": {
    "precision": 0.7868733121991311,
    "recall": 0.8083832335329342,
    "f1-score": 0.7797421030953965,
    "support": 167.0
  }
}