{
  "0": {
    "precision": 0.5862068965517241,
    "recall": 0.4594594594594595,
    "f1-score": 0.5151515151515151,
    "support": 37.0
  },
  "1": {
    "precision": 0.855072463768116,
    "recall": 0.9076923076923077,
    "f1-score": 0.8805970149253731,
    "support": 130.0
  },
  "accuracy": 0.8083832335329342,
  "macro avg": {
    "precision": 0.72063968015992,
    "recall": 0.6835758835758836,
    "f1-score": 0.6978742650384442,
    "support": 167.0
  },
  "weighted avg": {
    "precision": 0.7955034458818495,
    "recall": 0.8083832335329342,
    "f1-score": 0.7996300479096081,
    "support": 167.0
  }
}