{
  "0": {
    "precision": 0.6774193548387096,
    "recall": 0.5675675675675675,
    "f1-score": 0.6176470588235294,
    "support": 37.0
  },
  "1": {
    "precision": 0.8823529411764706,
    "recall": 0.9230769230769231,
    "f1-score": 0.9022556390977443,
    "support": 130.0
  },
  "accuracy": 0.844311377245509,
  "macro avg": {
    "precision": 0.77988614800759,
    "recall": 0.7453222453222453,
    "f1-score": 0.7599513489606369,
    "support": 167.0
  },
  "weighted avg": {
    "precision": 0.8369484939040325,
    "recall": 0.844311377245509,
    "f1-score": 0.839198648258547,
    "support": 167.0
  }
}