{
  "0": {
    "precision": 0.3783783783783784,
    "recall": 0.3783783783783784,
    "f1-score": 0.3783783783783784,
    "support": 37.0
  },
  "1": {
    "precision": 0.823076923076923,
    "recall": 0.823076923076923,
    "f1-score": 0.823076923076923,
    "support": 130.0
  },
  "accuracy": 0.7245508982035929,
  "macro avg": {
    "precision": 0.6007276507276507,
    "recall": 0.6007276507276507,
    "f1-score": 0.6007276507276507,
    "support": 167.0
  },
  "weighted avg": {
    "precision": 0.7245508982035929,
    "recall": 0.7245508982035929,
    "f1-score": 0.7245508982035929,
    "support": 167.0
  }
}