{
  "0": {
    "precision": 0.5348837209302325,
    "recall": 0.6216216216216216,
    "f1-score": 0.575,
    "support": 37.0
  },
  "1": {
    "precision": 0.8870967741935484,
    "recall": 0.8461538461538461,
    "f1-score": 0.8661417322834646,
    "support": 130.0
  },
  "accuracy": 0.7964071856287425,
  "macro avg": {
    "precision": 0.7109902475618904,
    "recall": 0.7338877338877339,
    "f1-score": 0.7205708661417323,
    "support": 167.0
  },
  "weighted avg": {
    "precision": 0.8090615468238318,
    "recall": 0.7964071856287425,
    "f1-score": 0.8016372766278468,
    "support": 167.0
  }
}