{
  "0": {
    "precision": 0.6666666666666666,
    "recall": 0.5945945945945946,
    "f1-score": 0.6285714285714286,
    "support": 37.0
  },
  "1": {
    "precision": 0.8880597014925373,
    "recall": 0.9153846153846154,
    "f1-score": 0.9015151515151515,
    "support": 130.0
  },
  "accuracy": 0.844311377245509,
  "macro avg": {
    "precision": 0.777363184079602,
    "recall": 0.754989604989605,
    "f1-score": 0.76504329004329,
    "support": 167.0
  },
  "weighted avg": {
    "precision": 0.839008550064051,
    "recall": 0.844311377245509,
    "f1-score": 0.8410425901443865,
    "support": 167.0
  }
}