{
  "0": {
    "precision": 0.65625,
    "recall": 0.5675675675675675,
    "f1-score": 0.6086956521739131,
    "support": 37.0
  },
  "1": {
    "precision": 0.8814814814814815,
    "recall": 0.9153846153846154,
    "f1-score": 0.8981132075471698,
    "support": 130.0
  },
  "accuracy": 0.8383233532934131,
  "macro avg": {
    "precision": 0.7688657407407408,
    "recall": 0.7414760914760914,
    "f1-score": 0.7534044298605415,
    "support": 167.0
  },
  "weighted avg": {
    "precision": 0.8315798957640276,
    "recall": 0.8383233532934131,
    "f1-score": 0.8339907551590829,
    "support": 167.0
  }
}