{
  "0": {
    "precision": 0.5161290322580645,
    "recall": 0.43243243243243246,
    "f1-score": 0.47058823529411764,
    "support": 37.0
  },
  "1": {
    "precision": 0.8455882352941176,
    "recall": 0.8846153846153846,
    "f1-score": 0.8646616541353384,
    "support": 130.0
  },
  "accuracy": 0.7844311377245509,
  "macro avg": {
    "precision": 0.6808586337760911,
    "recall": 0.6585239085239085,
    "f1-score": 0.667624944714728,
    "support": 167.0
  },
  "weighted avg": {
    "precision": 0.7725942801304413,
    "recall": 0.7844311377245509,
    "f1-score": 0.7773519745118344,
    "support": 167.0
  }
}