{
  "0": {
    "precision": 0.8,
    "recall": 0.10810810810810811,
    "f1-score": 0.19047619047619047,
    "support": 37.0
  },
  "1": {
    "precision": 0.7962962962962963,
    "recall": 0.9923076923076923,
    "f1-score": 0.8835616438356164,
    "support": 130.0
  },
  "accuracy": 0.7964071856287425,
  "macro avg": {
    "precision": 0.7981481481481482,
    "recall": 0.5502079002079002,
    "f1-score": 0.5370189171559034,
    "support": 167.0
  },
  "weighted avg": {
    "precision": 0.7971168773563984,
    "recall": 0.7964071856287425,
    "f1-score": 0.7300037888996957,
    "support": 167.0
  }
}