{
  "0": {
    "precision": 0.5102040816326531,
    "recall": 0.6756756756756757,
    "f1-score": 0.5813953488372093,
    "support": 37.0
  },
  "1": {
    "precision": 0.8983050847457628,
    "recall": 0.8153846153846154,
    "f1-score": 0.8548387096774194,
    "support": 130.0
  },
  "accuracy": 0.7844311377245509,
  "macro avg": {
    "precision": 0.704254583189208,
    "recall": 0.7455301455301455,
    "f1-score": 0.7181170292573144,
    "support": 167.0
  },
  "weighted avg": {
    "precision": 0.8123186349542356,
    "recall": 0.7844311377245509,
    "f1-score": 0.7942554500900674,
    "support": 167.0
  }
}