{
  "0": {
    "precision": 0.5357142857142857,
    "recall": 0.40540540540540543,
    "f1-score": 0.46153846153846156,
    "support": 37.0
  },
  "1": {
    "precision": 0.841726618705036,
    "recall": 0.9,
    "f1-score": 0.8698884758364313,
    "support": 130.0
  },
  "accuracy": 0.7904191616766467,
  "macro avg": {
    "precision": 0.6887204522096608,
    "recall": 0.6527027027027027,
    "f1-score": 0.6657134686874464,
    "support": 167.0
  },
  "weighted avg": {
    "precision": 0.7739274790603787,
    "recall": 0.7904191616766467,
    "f1-score": 0.7794157181775997,
    "support": 167.0
  }
}