{
  "0": {
    "precision": 0.6785714285714286,
    "recall": 0.5135135135135135,
    "f1-score": 0.5846153846153846,
    "support": 37.0
  },
  "1": {
    "precision": 0.8705035971223022,
    "recall": 0.9307692307692308,
    "f1-score": 0.8996282527881041,
    "support": 130.0
  },
  "accuracy": 0.8383233532934131,
  "macro avg": {
    "precision": 0.7745375128468655,
    "recall": 0.7221413721413721,
    "f1-score": 0.7421218187017444,
    "support": 167.0
  },
  "weighted avg": {
    "precision": 0.8279797034912704,
    "recall": 0.8383233532934131,
    "f1-score": 0.8298349825941483,
    "support": 167.0
  }
}