{
  "0": {
    "precision": 0.48148148148148145,
    "recall": 0.7027027027027027,
    "f1-score": 0.5714285714285714,
    "support": 37.0
  },
  "1": {
    "precision": 0.9026548672566371,
    "recall": 0.7846153846153846,
    "f1-score": 0.8395061728395061,
    "support": 130.0
  },
  "accuracy": 0.7664670658682635,
  "macro avg": {
    "precision": 0.6920681743690593,
    "recall": 0.7436590436590437,
    "f1-score": 0.7054673721340388,
    "support": 167.0
  },
  "weighted avg": {
    "precision": 0.809341003342381,
    "recall": 0.7664670658682635,
    "f1-score": 0.7801117342035505,
    "support": 167.0
  }
}