{
  "0": {
    "precision": 0.5294117647058824,
    "recall": 0.24324324324324326,
    "f1-score": 0.3333333333333333,
    "support": 37.0
  },
  "1": {
    "precision": 0.8133333333333334,
    "recall": 0.9384615384615385,
    "f1-score": 0.8714285714285714,
    "support": 130.0
  },
  "accuracy": 0.7844311377245509,
  "macro avg": {
    "precision": 0.6713725490196079,
    "recall": 0.5908523908523908,
    "f1-score": 0.6023809523809524,
    "support": 167.0
  },
  "weighted avg": {
    "precision": 0.7504285546553952,
    "recall": 0.7844311377245509,
    "f1-score": 0.7522098659823211,
    "support": 167.0
  }
}