{
  "0": {
    "precision": 0.5833333333333334,
    "recall": 0.1891891891891892,
    "f1-score": 0.2857142857142857,
    "support": 37.0
  },
  "1": {
    "precision": 0.8064516129032258,
    "recall": 0.9615384615384616,
    "f1-score": 0.8771929824561403,
    "support": 130.0
  },
  "accuracy": 0.7904191616766467,
  "macro avg": {
    "precision": 0.6948924731182795,
    "recall": 0.5753638253638254,
    "f1-score": 0.581453634085213,
    "support": 167.0
  },
  "weighted avg": {
    "precision": 0.7570182216212735,
    "recall": 0.7904191616766467,
    "f1-score": 0.7461468041360886,
    "support": 167.0
  }
}