{
  "0": {
    "precision": 0.56,
    "recall": 0.3783783783783784,
    "f1-score": 0.45161290322580644,
    "support": 37.0
  },
  "1": {
    "precision": 0.8380281690140845,
    "recall": 0.9153846153846154,
    "f1-score": 0.875,
    "support": 130.0
  },
  "accuracy": 0.7964071856287425,
  "macro avg": {
    "precision": 0.6990140845070423,
    "recall": 0.6468814968814969,
    "f1-score": 0.6633064516129032,
    "support": 167.0
  },
  "weighted avg": {
    "precision": 0.7764291136037784,
    "recall": 0.7964071856287425,
    "f1-score": 0.7811956731697896,
    "support": 167.0
  }
}