{
  "0": {
    "precision": 0.8333333333333334,
    "recall": 0.13513513513513514,
    "f1-score": 0.23255813953488372,
    "support": 37.0
  },
  "1": {
    "precision": 0.8012422360248447,
    "recall": 0.9923076923076923,
    "f1-score": 0.8865979381443299,
    "support": 130.0
  },
  "accuracy": 0.8023952095808383,
  "macro avg": {
    "precision": 0.817287784679089,
    "recall": 0.5637214137214137,
    "f1-score": 0.5595780388396068,
    "support": 167.0
  },
  "weighted avg": {
    "precision": 0.8083522396201386,
    "recall": 0.8023952095808383,
    "f1-score": 0.7416909168955303,
    "support": 167.0
  }
}