{
  "0": {
    "precision": 0.6,
    "recall": 0.24324324324324326,
    "f1-score": 0.34615384615384615,
    "support": 37.0
  },
  "1": {
    "precision": 0.8157894736842105,
    "recall": 0.9538461538461539,
    "f1-score": 0.8794326241134752,
    "support": 130.0
  },
  "accuracy": 0.7964071856287425,
  "macro avg": {
    "precision": 0.7078947368421052,
    "recall": 0.5985446985446986,
    "f1-score": 0.6127932351336607,
    "support": 167.0
  },
  "weighted avg": {
    "precision": 0.767979829814056,
    "recall": 0.7964071856287425,
    "f1-score": 0.7612810385775095,
    "support": 167.0
  }
}