{
  "0": {
    "precision": 0.53125,
    "recall": 0.4594594594594595,
    "f1-score": 0.4927536231884058,
    "support": 37.0
  },
  "1": {
    "precision": 0.8518518518518519,
    "recall": 0.8846153846153846,
    "f1-score": 0.8679245283018868,
    "support": 130.0
  },
  "accuracy": 0.7904191616766467,
  "macro avg": {
    "precision": 0.6915509259259259,
    "recall": 0.672037422037422,
    "f1-score": 0.6803390757451463,
    "support": 167.0
  },
  "weighted avg": {
    "precision": 0.780820303836771,
    "recall": 0.7904191616766467,
    "f1-score": 0.7848028307617742,
    "support": 167.0
  }
}