{
  "0": {
    "precision": 0.5833333333333334,
    "recall": 0.3783783783783784,
    "f1-score": 0.45901639344262296,
    "support": 37.0
  },
  "1": {
    "precision": 0.8391608391608392,
    "recall": 0.9230769230769231,
    "f1-score": 0.8791208791208791,
    "support": 130.0
  },
  "accuracy": 0.8023952095808383,
  "macro avg": {
    "precision": 0.7112470862470863,
    "recall": 0.6507276507276507,
    "f1-score": 0.6690686362817511,
    "support": 167.0
  },
  "weighted avg": {
    "precision": 0.7824804935583379,
    "recall": 0.8023952095808383,
    "f1-score": 0.7860438373837804,
    "support": 167.0
  }
}