{
  "0": {
    "precision": 0.6,
    "recall": 0.16216216216216217,
    "f1-score": 0.2553191489361702,
    "support": 37.0
  },
  "1": {
    "precision": 0.802547770700637,
    "recall": 0.9692307692307692,
    "f1-score": 0.8780487804878049,
    "support": 130.0
  },
  "accuracy": 0.7904191616766467,
  "macro avg": {
    "precision": 0.7012738853503184,
    "recall": 0.5656964656964657,
    "f1-score": 0.5666839647119876,
    "support": 167.0
  },
  "weighted avg": {
    "precision": 0.7576719173118731,
    "recall": 0.7904191616766467,
    "f1-score": 0.7400787423595984,
    "support": 167.0
  }
}