{
  "0": {
    "precision": 0.5416666666666666,
    "recall": 0.35135135135135137,
    "f1-score": 0.4262295081967213,
    "support": 37.0
  },
  "1": {
    "precision": 0.8321678321678322,
    "recall": 0.9153846153846154,
    "f1-score": 0.8717948717948718,
    "support": 130.0
  },
  "accuracy": 0.7904191616766467,
  "macro avg": {
    "precision": 0.6869172494172494,
    "recall": 0.6333679833679834,
    "f1-score": 0.6490121899957966,
    "support": 167.0
  },
  "weighted avg": {
    "precision": 0.7678052984939212,
    "recall": 0.7904191616766467,
    "f1-score": 0.7730767972252216,
    "support": 167.0
  }
}