{
  "0": {
    "precision": 0.45454545454545453,
    "recall": 0.6756756756756757,
    "f1-score": 0.5434782608695652,
    "support": 37.0
  },
  "1": {
    "precision": 0.8928571428571429,
    "recall": 0.7692307692307693,
    "f1-score": 0.8264462809917356,
    "support": 130.0
  },
  "accuracy": 0.7485029940119761,
  "macro avg": {
    "precision": 0.6737012987012987,
    "recall": 0.7224532224532225,
    "f1-score": 0.6849622709306504,
    "support": 167.0
  },
  "weighted avg": {
    "precision": 0.795746169997667,
    "recall": 0.7485029940119761,
    "f1-score": 0.7637527675514942,
    "support": 167.0
  }
}