{
  "0": {
    "precision": 0.4642857142857143,
    "recall": 0.7027027027027027,
    "f1-score": 0.5591397849462365,
    "support": 37.0
  },
  "1": {
    "precision": 0.9009009009009009,
    "recall": 0.7692307692307693,
    "f1-score": 0.8298755186721992,
    "support": 130.0
  },
  "accuracy": 0.7544910179640718,
  "macro avg": {
    "precision": 0.6825933075933076,
    "recall": 0.735966735966736,
    "f1-score": 0.6945076518092179,
    "support": 167.0
  },
  "weighted avg": {
    "precision": 0.8041657996747819,
    "recall": 0.7544910179640718,
    "f1-score": 0.7698921525173452,
    "support": 167.0
  }
}