{
  "0": {
    "precision": 1.0,
    "recall": 0.05405405405405406,
    "f1-score": 0.10256410256410256,
    "support": 37.0
  },
  "1": {
    "precision": 0.7878787878787878,
    "recall": 1.0,
    "f1-score": 0.8813559322033898,
    "support": 130.0
  },
  "accuracy": 0.7904191616766467,
  "macro avg": {
    "precision": 0.8939393939393939,
    "recall": 0.527027027027027,
    "f1-score": 0.4919600173837462,
    "support": 167.0
  },
  "weighted avg": {
    "precision": 0.8348757031391763,
    "recall": 0.7904191616766467,
    "f1-score": 0.7088092394090567,
    "support": 167.0
  }
}