{
  "0": {
    "precision": 0.49056603773584906,
    "recall": 0.7027027027027027,
    "f1-score": 0.5777777777777777,
    "support": 37.0
  },
  "1": {
    "precision": 0.9035087719298246,
    "recall": 0.7923076923076923,
    "f1-score": 0.8442622950819673,
    "support": 130.0
  },
  "accuracy": 0.7724550898203593,
  "macro avg": {
    "precision": 0.6970374048328368,
    "recall": 0.7475051975051975,
    "f1-score": 0.7110200364298724,
    "support": 167.0
  },
  "weighted avg": {
    "precision": 0.8120184655515187,
    "recall": 0.7724550898203593,
    "f1-score": 0.7852208152002007,
    "support": 167.0
  }
}